UUID,APPLICATION_ID
10069544-71D1-7843-8B97-9BF71092CB00,4304640003
100D550D-4B81-8AE9-4917-42691092CB00,4304520219
1015634A-89F1-BE1C-61D7-34001092CB00,4304591558
101A2726-19AD-F6D4-7957-C9951092CB00,4304635882
101E1283-3E36-07F0-4F97-FCE91092CB00,4304578632
101E688E-2459-FAF0-0F97-166F1092CB00,4304640042
101E7937-57B8-2C74-E970-9BF71092CB00,4304637971
101F58A3-F4D7-6BA4-A217-9A5E1092CB00,4304536989
10216AC5-A30F-4F96-F117-6FBB1092CB00,4304603289
10223F1A-2E6F-E36F-C697-CCC31092CB00,4304580036
10237069-FB42-0AD0-5497-5BA41092CB00,4304636129
1023C3B1-0C05-003C-7970-875B1092CB00,4304639373
10278993-2773-9FE9-4117-CBB11092CB00,4304603875
1039E1D1-5DC4-5353-4057-29DD1092CB00,4304635392
103A7BDC-648E-093E-6917-E7C81092CB00,4304539163
1049F75B-9516-B4F1-A757-C0E81092CB00,4304614926
10580317-B528-403C-6F57-706A1092CB00,4304555939
105943AB-6659-D99A-85D7-F01E1092CB00,4304518432
105979CA-EF37-EC6C-6457-3AB71092CB00,4304632449
106510DD-27A0-1F57-7C17-9BA41092CB00,4304538732
106A8D4B-A32E-DE1A-3857-C0CA1092CB00,4304632839
1070A0FE-F5FE-0695-2357-C9951092CB00,4304622922
107C448E-920F-8454-4417-51F81092CB00,4304521236
107D9466-48D4-8F17-0E17-4BAC1092CB00,4304599975
107E41DF-0FD2-5FE5-13D7-66601092CB00,4304580748
1083071D-D95E-365E-A957-79501092CB00,4304627769
10857374-4ACA-0D6E-4357-63B31092CB00,4304541856
1087D777-032B-CB1C-F817-5B861092CB00,4304538893
108D1C62-B6A5-DBC9-B557-3AEB1092CB00,4304552976
1090EBFE-7C46-2C1D-8B17-E1871092CB00,4304614515
1094ADB9-9613-10F5-3157-706A1092CB00,4304545796
10AE3D19-FFD0-7C84-8997-FCE91092CB00,4304568745
10AE66BC-0D64-652E-D5D7-A2971092CB00,4304518724
10B9D58F-75A6-DA3B-BFD7-73171092CB00,4304594872
10BC020F-3B13-F982-2517-84771092CB00,4304528605
10C60D9D-06A5-EA73-EE97-2EEE1092CB00,4304579933
10D69EAA-563F-0E80-5C57-AE4E1092CB00,4304616479
10E679EB-178B-12FE-1E57-1E0D1092CB00,4304554492
10E69B39-C962-4DFE-3697-9E621092CB00,4304563692
10EBB7E6-86DE-8AD0-C717-9A5E1092CB00,4304519892
10F2CDBA-5F02-C7A1-0917-5B861092CB00,4304522159
1110F8B7-5853-9E4E-8257-79501092CB00,4304629257
1123C425-3EB8-8046-6A17-31301092CB00,4304531517
112D9C5A-0621-F483-65D7-FB881092CB00,4304591979
11411D94-7EB1-E32A-B097-B75C1092CB00,4304642140
1146D9DA-367F-0471-0170-746D1092CB00,4304538643
1155C23D-E9D1-38CA-5A97-D79B1092CB00,4304638426
1158BABE-900C-BCE7-D117-E66D1092CB00,4304529723
1159B5EE-976E-ABF7-1297-51201092CB00,4304638563
115B2878-1A7A-105D-5B57-52D51092CB00,4304556068
115B69B1-E863-C052-DE97-A79E1092CB00,4304571857
115EE1DF-8844-F314-9297-314F1092CB00,4304560004
1167FD57-88AB-8DE0-3B57-ED701092CB00,4304541626
11692D43-F6CD-93D8-D057-B40E1092CB00,4304625387
116DF6AC-7358-A672-A6D7-FF7C1092CB00,4304519259
1170FD0D-EDEB-66BB-F697-9BF71092CB00,4304637860
11783C83-B7C5-565F-18D7-1D6E1092CB00,4304591186
117FCB13-FE78-0225-9E97-13A21092CB00,4304560067
11801767-DBB1-B2E9-5C17-60F91092CB00,4304520352
1181DD35-AC32-90BB-FFD7-648A1092CB00,4304594368
1183E013-5D86-AFA5-7657-EDDA1092CB00,4304634433
119FE157-4C07-AB95-2217-82951092CB00,4304523041
11AAE6B1-EF8C-9273-59D7-6ED11092CB00,4304585656
11B089FC-10B4-753E-6997-F3A61092CB00,4304569018
11B64E95-D4B8-0404-DD70-4D431092CB00,4304596619
11BDA5A2-478D-8BE4-CB17-64EB1092CB00,4304520584
11C4AC31-F4F9-901E-3ED7-92B51092CB00,4304596727
11CDD6ED-DE4B-17CF-9757-2EB31092CB00,4304634702
11DA63A3-28E0-E712-5797-14ED1092CB00,4304559282
11E3876E-AD01-60D0-0817-E8351092CB00,4304598128
11ECAC9D-5C00-4B6B-EDD7-66601092CB00,4304591520
11ED18DC-A4A9-5668-B6D7-F6871092CB00,4304596746
11EFF9C5-C4DD-4A7D-FE97-4E101092CB00,4304563400
11F620E6-B6B7-DFF4-DC97-2B381092CB00,4304641061
11F9AB1E-FCFD-1419-5597-A50E1092CB00,4304643213
120393FA-E73F-451D-D997-C6551092CB00,4304569020
1204443A-6466-52ED-8BD7-269C1092CB00,4304519518
1206FFAB-3B7E-8943-5757-CA3F1092CB00,4304404935
120A3C2C-480F-35E3-6517-EB071092CB00,4304613378
120FD032-6B7C-EFA1-6217-4C4E1092CB00,4304539501
121B5D8D-A400-123B-E897-9B751092CB00,4304641447
1229332A-55F0-87E5-8117-FE9D1092CB00,4304539241
122983A8-17A1-1217-7017-5B861092CB00,4304527547
122A8CB8-D5AF-7666-8F17-FEAE1092CB00,4304519802
122B8D76-1BAD-68D1-7517-EB071092CB00,4304602990
12442043-121E-5641-6F17-9A5E1092CB00,4304519876
12461EF6-EC82-0887-5E97-7DA31092CB00,4304577969
126511CB-30BC-3C97-0197-D65F1092CB00,4304579578
1265FDB7-5E76-1878-FE17-36B51092CB00,4304537091
126DEC09-621A-7877-3717-86211092CB00,4304606181
1278E4E6-ABDF-65EC-7257-57C51092CB00,4304614707
127F7B0D-7393-2BF4-9397-A3D71092CB00,4304578492
127FC070-DDBD-1822-3797-E9B71092CB00,4304572640
12853CDF-93C9-5CFC-4C97-67D01092CB00,4304579317
12903E10-5A58-14F0-8A57-64FD1092CB00,4304558228
129406BB-BD3B-D222-0917-C1541092CB00,4304613206
129904E0-D44A-D7E7-EDD7-30021092CB00,4304580302
12B2FC56-A64F-F5D6-CA17-19E81092CB00,4304610971
12BA0182-F706-99B0-97D7-57D01092CB00,4304519531
12BFC77E-F6C1-28EC-7057-C0CA1092CB00,4304635351
12C383AD-1326-10B8-4717-4B8C1092CB00,4304600182
12C6FA77-5963-280B-C197-B1381092CB00,4304579848
12CB5377-27C5-25E3-6757-B40E1092CB00,4304630663
12CC52D0-F2B4-2327-8917-56731092CB00,4304613253
12CFDD09-47EF-2604-E697-9E621092CB00,4304564070
12E7D03E-2312-A3A3-4957-C9951092CB00,4304633405
12F4BCB5-121C-3B42-6217-F3C51092CB00,4304523377
12F6B04E-C660-1645-9957-605E1092CB00,4304402590
12FE1EF3-AE38-0FED-8B57-79501092CB00,4304634860
1300D374-2FDA-FB51-D917-27691092CB00,4304598464
13054C5F-144F-3C65-85D7-34001092CB00,4304596607
1311C019-793B-76A7-DE17-FE9D1092CB00,4304539364
132090E6-13CB-569B-9817-5B741092CB00,4304538761
134CF141-8313-7679-B057-35D71092CB00,4304624763
135A1D8E-CFB8-7350-6E57-C0BF1092CB00,4304634242
135FD2E3-ABE4-3DF6-92D7-8C421092CB00,4304580539
1367643A-7CF5-614C-5317-90801092CB00,4304600929
13687702-173D-5C1C-D7D7-76E71092CB00,4304594898
1369394C-27F4-3E54-84D7-A75D1092CB00,4304583061
137A4A0F-B6FF-3FC8-1700-A8331092CB00,4304598180
137A9BE7-8B65-D05D-C157-27261092CB00,4304615334
137EAE20-2C68-8A68-D257-F3631092CB00,4304614724
13839B9D-DF42-3D7C-39D7-79E21092CB00,4304596410
13884AA8-6B6B-8705-C357-6FEA1092CB00,4304558738
13933DF8-A1B5-D430-C117-20C51092CB00,4304529091
139E32AC-0CB1-011A-A017-D1101092CB00,4304609096
13AE6984-A0EF-F698-B497-CCC31092CB00,4304579179
13B26C79-668B-9B19-F817-E0C71092CB00,4304607721
13B89D51-6098-CFC8-4A17-FEAE1092CB00,4304539377
13C81343-3ED9-F264-48D7-7F781092CB00,4304584022
13D645DA-F789-5F65-5017-59901092CB00,4304598023
13D7D84F-BC8A-F8A2-0C97-2B381092CB00,4304642509
13E007DD-182E-9D2E-4D70-648A1092CB00,4304595505
13E149D2-76F9-2ABC-F617-42691092CB00,4304520232
13E27C85-60A3-E8FC-9D97-81F71092CB00,4304643631
13E3963D-90D3-18B9-4657-7C001092CB00,4304541060
13E3FE52-EEB9-A358-C997-D4591092CB00,4304636249
13F17003-D6C8-C502-1617-8F921092CB00,4304614093
13F265A6-EB6B-1174-6B17-A7E01092CB00,4304519694
13F697CA-F679-67C8-B897-FED01092CB00,4304579097
13F9D712-8619-D7A7-C757-B6101092CB00,4304539975
13FD46EC-8F77-6D03-7257-C9951092CB00,4304634700
14031965-F282-C6C1-0457-5C4E1092CB00,4304542643
1410CF17-3F68-976B-F917-36B51092CB00,4304521752
14140B98-5287-D55B-1517-4B8C1092CB00,4304603797
141C24EF-A1EF-703A-8A57-CBB11092CB00,4304547576
141D840B-6E3B-7DCA-4F97-9E621092CB00,4304559420
14372576-6B4F-11A0-5357-35D71092CB00,4304616078
1444255B-1F90-0F1D-3857-EDDA1092CB00,4304616956
14494BBE-F2D5-AA87-4F97-5A0F1092CB00,4304574321
144BBF05-A5F3-2E6F-3C57-DC681092CB00,4304543089
144BEE34-D603-B39D-1C57-73D01092CB00,4304559105
144F3042-CCC6-7DA8-F717-B3E81092CB00,4304600454
145338C4-CB30-268F-6717-E3891092CB00,4304519813
145E3E1F-6DBB-F87F-9957-71131092CB00,4304615178
1465434B-D6CE-0CA3-9457-4E0A1092CB00,4304632666
14722FC2-C21F-A4C9-F517-60F91092CB00,4304539157
14790032-EF5A-599D-0CD7-73171092CB00,4304595590
147FEB01-38BE-DDBB-B217-E3891092CB00,4304520257
1491CEAC-ADDE-A2C9-9A17-5EAD1092CB00,4304520267
149A3458-1B59-3F01-72D7-71C11092CB00,4304519277
14A64C7A-751F-D00E-7E17-56731092CB00,4304614185
14B4DAAA-12A3-B2D7-A317-5EAD1092CB00,4304525924
14B51A80-9555-D573-F597-13A21092CB00,4304579558
14B5F5C5-7A2B-9A0B-E097-13061092CB00,4304574915
14BBE82A-34E2-8BD9-C1D7-A3CF1092CB00,4304580285
14D1D9E7-EF10-42C4-C570-14981092CB00,4304559156
14D43DE7-627E-B01D-9457-929F1092CB00,4304550954
14DF769A-FA6F-C21B-6997-B3C11092CB00,4304637380
14E22F45-4061-4F2F-9857-11AC1092CB00,4304543960
14E519E5-617C-CB79-8B97-9E621092CB00,4304572700
14FA8A8F-8A19-7A46-7C17-C0B21092CB00,4304602657
1502E520-D3AE-B52B-4817-364B1092CB00,4304602227
150A0081-97E7-829A-F7D7-A39E1092CB00,4304597490
150B9720-0B21-96AC-4017-E8351092CB00,4304601755
1510FEBE-29C8-6EA8-DD70-FAB21092CB00,4304518882
1511B48A-3230-4547-BB57-FC801092CB00,4304634865
151CA0E9-DFEA-D9A9-D217-56731092CB00,4304611070
1520D737-A9E4-0AC5-EA57-977F1092CB00,4304614754
152A13FE-1793-67EE-9057-1A361092CB00,4304616696
1573F609-AA82-0B9B-5970-16B91092CB00,4304569546
15FEA6F8-E9C6-0681-0170-4B8C1092CB00,4304608778
161A5230-7FEF-4D0C-0D70-A75D1092CB00,4304590870
16876F67-5238-C5D0-8970-765D1092CB00,4304575159
16A623C7-7955-007F-1700-E7C81092CB00,4304519761
16B65C02-F733-77D5-FD70-7F781092CB00,4304594440
16EF9AF6-9146-DA51-C970-3B571092CB00,4304559954
1715F154-BFDF-3C38-C570-FDED1092CB00,4304616579
179EFC5F-9662-1E10-A970-7AF11092CB00,4304638945
17A50EB0-6C36-F0AB-5570-FCFF1092CB00,4304545677
17B4100F-A9D3-D07D-8170-AA001092CB00,4304607964
181362C4-3F45-7B1F-8570-3AEB1092CB00,4304556587
1819E419-536D-10B0-6970-DAE11092CB00,4304579970
18A18BE1-2F3B-DF7B-4170-9BA41092CB00,4304538713
19509479-2CAE-DC10-7170-59901092CB00,4304614465
196659CB-4582-F882-0570-EF521092CB00,4304543320
19A1286C-275E-CFDC-ED70-33A01092CB00,4304519206
19D3CFD2-AFD8-DF65-0D70-4D431092CB00,4304595967
19FAC1A0-900C-106F-7D70-46911092CB00,4304597275
1A394B0A-A089-F177-5170-5EAD1092CB00,4304536400
1AABC8ED-CD96-3770-5570-13921092CB00,4304635926
1B6D6148-D6B9-A2DD-8170-84771092CB00,4304535304
1B7701FB-56C5-6102-2970-C1921092CB00,4304577312
1B96D706-5019-C260-8570-86191092CB00,4304617529
1C811D45-DAA7-96F0-0170-EB071092CB00,4304612964
1CD848BF-18F2-7FD9-8170-E0C71092CB00,4304612489
1D3387D8-9616-80FF-B970-A79E1092CB00,4304578230
1DA06271-7392-978E-2570-A4701092CB00,4304541044
1DD3FE18-79A8-AB1F-C570-F0801092CB00,4304625812
1DE56D30-AAFA-54AA-B170-31301092CB00,4304519817
1E46EAFF-E8A7-9FEE-DD70-296B1092CB00,4304584423
1E51AC5A-2A45-56B9-F170-5A221092CB00,4304526539
1EA360F5-5AAA-DA4A-CD70-4D731092CB00,4304595958
1F771A0A-EED2-5687-F170-765C1092CB00,4304538232
1FA0FECD-50E9-002C-A970-82261092CB00,4304636547
207AE066-AE7C-CFCA-3170-B8EB1092CB00,4304606142
21081544-05C0-9AC5-D570-CBB11092CB00,4304552668
21647505-5326-EB0E-7970-A7C21092CB00,4304560128
219C3A7C-8C81-6119-BD70-46911092CB00,4304597631
23334804-D570-00CD-9570-DD2F1092CB00,4304626785
23F8F3FA-C9EE-0A12-2170-E7C81092CB00,4304539389
2430CFA9-6A63-EF42-C970-2DA31092CB00,4304641501
24739918-9218-BCFE-0170-13F61092CB00,4304608988
2484AF5F-77F9-B95C-2170-72401092CB00,4304537533
249C7365-8AEC-AC3C-7570-D2251092CB00,4304614988
258660D3-9786-976D-5D70-A3CF1092CB00,4304591770
25C9F21A-AEF3-6C76-3970-3E7C1092CB00,4304566393
263C59C7-BA16-733F-3170-CCFF1092CB00,4304606373
276262E5-86C4-ACCB-6170-67D71092CB00,4304530648
276ECA25-383A-266E-A170-4BAC1092CB00,4304599668
285C9EC6-245A-F58A-D170-F3C51092CB00,4304520142
287CF908-94E1-AD7B-7970-13781092CB00,4304639133
29409018-59FD-FDB4-4970-E7421092CB00,4304567737
294D0D89-E062-10D9-E970-67D01092CB00,4304580198
29AA4B56-581E-A781-7D70-41D81092CB00,4304597345
29C544EB-A639-B7E0-0570-A4701092CB00,4304558982
29FA43D8-1514-9243-E970-5ED31092CB00,4304637735
2C434CEE-1B7A-050E-2170-E32F1092CB00,4304520241
2D640B93-A375-7ED4-4170-B7251092CB00,4304608790
2E79F2AB-8A42-13E3-3D70-92A01092CB00,4304519463
2E87D361-92EC-95A8-3570-71131092CB00,4304635100
2F91109F-0360-627A-4170-3DFF1092CB00,4304602723
2FC0AEE1-1873-9E05-B570-ED701092CB00,4304549980
308FFB89-A981-804C-A570-D0F71092CB00,4304634015
314AFC5B-232D-E33E-0170-CA5A1092CB00,4304535632
31DE9C58-B005-01BE-3170-C6F01092CB00,4304526480
31FA73FA-B139-1127-4D70-D99B1092CB00,4304597764
32335A1B-2A1A-8DD8-3570-29A11092CB00,4304549908
32B67F3E-3F6A-28B1-8170-B9DC1092CB00,4304538337
33B61BC8-AA89-EDB5-2970-C37A1092CB00,4304577658
33ECC099-0F9C-DB6F-4970-F4331092CB00,4304636083
340D4743-F74A-C45C-1D70-76E71092CB00,4304580304
34B06DDC-7FD3-8BBA-DD70-46911092CB00,4304592744
350A8C4C-C90D-ADB4-4170-C8311092CB00,4304612888
354EA2CC-4385-BE1A-D570-29DD1092CB00,4304615315
35EE6769-B58F-DD9C-B570-2EB31092CB00,4304614878
36F22DC6-1610-D72C-5570-CBBB1092CB00,4304636036
378F6E77-451A-4032-7D70-D99B1092CB00,4304581949
380736D0-F63A-B188-5970-C7311092CB00,4304642957
384DE774-8359-5B44-C570-F6171092CB00,4304635379
38A60731-5797-5709-D170-A24E1092CB00,4304538932
39390BBD-D500-CBD8-0570-ED1D1092CB00,4304635386
3952E4AE-ADAD-20F9-4970-875B1092CB00,4304641791
39F422C3-A553-E43A-3970-F3A61092CB00,4304578777
3A13E199-A119-3986-F970-1CA81092CB00,4304566336
3A8C5B98-D440-D6CC-5170-8F921092CB00,4304609800
3AAC46D8-1FDA-F46C-3170-A24E1092CB00,4304519809
3B0B40B8-E55B-F947-0D70-46911092CB00,4304597836
3B1566BC-2815-54CE-5700-F6171092CB00,4304628647
3B895E02-7FE6-0854-9170-72401092CB00,4304528669
3BA0B302-EBD0-79EE-9570-73D01092CB00,4304552140
3C03517B-8AEB-3F58-F570-57C51092CB00,4304614940
3C79B693-07B5-A7CF-9570-FB6B1092CB00,4304633860
3D6627ED-E6E2-5EB4-6170-6ED71092CB00,4304598472
3D845715-648C-ADB1-7D70-26941092CB00,4304594336
3DBCCE2E-8C04-0FE1-B570-EF521092CB00,4304558516
3EE8E99D-EB62-581F-9170-8F921092CB00,4304598654
3F7FD55F-9446-9149-2570-F3631092CB00,4304634639
3FE204D4-8389-A3B4-CD70-88CA1092CB00,4304590528
409AAE1F-4008-3FE1-C170-56731092CB00,4304601933
40BE27C1-168F-954C-A570-FB6B1092CB00,4304630054
4197B088-6100-ED82-6D70-FB881092CB00,4304588025
41E938B8-D1AB-366B-D970-2EEE1092CB00,4304561416
41EBD2DD-1453-EE82-3170-6ED71092CB00,4304614525
4302F0D2-0FAB-2750-C570-D0F71092CB00,4304635578
433E023F-0770-3A75-D700-539E1092CB00,4304580246
4363E967-4750-09DD-5D70-580E1092CB00,4304592792
43C394EA-AAB2-A2EC-1570-C88F1092CB00,4304553426
43C7EB26-ED18-F7FE-4170-5B861092CB00,4304538464
43D84FC8-B50D-D375-6170-4B401092CB00,4304605215
4483185F-DBEC-5683-6570-C9951092CB00,4304620008
44A2AACB-9F0A-167E-A170-27691092CB00,4304610677
44D47426-C961-4ED6-3970-AD861092CB00,4304564436
45535947-BADB-F3D1-D970-C1921092CB00,4304559986
46586CB5-EE93-5F98-B170-C8311092CB00,4304598591
4714A464-6330-DC85-DD70-D99B1092CB00,4304580340
478842EF-AA72-3AAE-8570-F6451092CB00,4304624415
47890AC4-6011-3CE6-F970-FA241092CB00,4304574188
47E2FCCB-05E4-9A81-5D70-DF7C1092CB00,4304580464
47F1201F-EB7A-92D4-C970-CC7E1092CB00,4304578871
482FD5F4-5FB5-80BA-9170-C6F01092CB00,4304522344
490C67E4-7DEA-C270-6970-61371092CB00,4304639025
498169B5-70C1-2DF4-1D70-4D731092CB00,4304596164
4A32B3A0-AAEC-2872-7170-A0531092CB00,4304525679
4A66BE4C-8D38-BFE8-E570-AF101092CB00,4304634450
4A97A99C-FA3B-1696-E170-67D71092CB00,4304531674
4B53887C-BD6F-157E-F170-5B861092CB00,4304538024
4B55182A-5E5E-8EBE-1970-EEC91092CB00,4304636948
4B98D5D7-7770-C8B6-FD70-4F8F1092CB00,4304580801
4C5AB0D1-632D-50E8-0970-ECAE1092CB00,4304578971
4D1B9788-5FD5-6980-1D70-4D731092CB00,4304584698
4D25A741-4771-D31D-0170-83DB1092CB00,4304519962
4DD78C9A-388E-B92F-2D70-88CA1092CB00,4304593666
4E2AD0E1-0CBA-C005-AD70-92B51092CB00,4304596719
4E45F6DF-CD75-6C44-C570-A5121092CB00,4304635652
4E860FF9-A51D-9048-F570-BB581092CB00,4304558725
50B598F2-7828-6152-9D70-D6861092CB00,4304592315
50CF8814-9541-B54C-7570-71131092CB00,4304631436
510167A5-7DB0-2B88-B570-2EB31092CB00,4304630563
513EA417-083B-41E5-5700-29DD1092CB00,4304617811
5166E306-F2D7-AF9D-1700-4B8C1092CB00,4304613228
517C0CC2-BECF-C7B5-AD70-5EF01092CB00,4304581405
5188E302-CAAB-B821-2D70-73061092CB00,4304587343
5191D213-E30F-745A-E970-A79E1092CB00,4304580159
51C55785-B911-5B31-B570-C3541092CB00,4304405771
52438B11-A15C-3D47-1700-5EAD1092CB00,4304525392
524D8487-E1C1-2EB2-3570-F6451092CB00,4304622436
52638C76-0EDC-622F-C170-D8201092CB00,4304598264
52923674-F6EC-5A26-8570-45A41092CB00,4304625293
52CED75F-874E-938B-E570-75951092CB00,4304554178
538C8887-0162-D23D-D970-7AF11092CB00,4304636974
54773DCE-795C-76B0-0970-ECAE1092CB00,4304566478
55025DC0-B34E-205C-E970-C6191092CB00,4304637723
55809140-5E9C-45CD-4170-82951092CB00,4304538501
5633F011-681B-1A96-CD70-79E21092CB00,4304583468
56CAF208-6831-670F-4D70-19F51092CB00,4304597908
57D1D7C0-35A0-CB3F-4570-ED1D1092CB00,4304625071
58263CB3-D258-39D3-E170-EB071092CB00,4304611347
58504DDA-F29A-089E-6570-B2981092CB00,4304540495
5858060D-8EDD-607B-BD70-19F51092CB00,4304597491
58C9FEB8-D74C-D7D6-A970-14ED1092CB00,4304577583
590B4EAD-A527-E8C2-B970-B1C91092CB00,4304572683
59D85A05-B8E8-B770-F570-CBBB1092CB00,4304631799
5AEE411C-89C3-22F4-4170-5E951092CB00,4304538573
5B38D8F2-A24F-E40B-0170-CCFF1092CB00,4304609188
5B73D3F9-E80A-173C-9170-67D71092CB00,4304539134
5D00A563-3D39-B04F-DD70-FF7C1092CB00,4304518817
5DE77373-CF34-5C23-2970-2EEE1092CB00,4304572153
5EA27470-0176-44CC-1700-82951092CB00,4304535340
5EC939AC-670F-55AF-0970-EC621092CB00,4304579213
5ED2F090-5A11-8952-7570-13A11092CB00,4304548779
5F9BE84D-C09E-CCB8-3170-36B51092CB00,4304525235
5FBE6DAE-3DCC-C244-6570-B4E31092CB00,4304615223
5FDCF5A6-36D4-EC9F-3170-A0531092CB00,4304532489
60042A0F-C138-5C55-8570-94641092CB00,4304625903
60453769-7359-0768-5170-72401092CB00,4304528898
6051196D-5D04-8C3B-1D70-F21F1092CB00,4304518425
60A53BC0-CA5C-960A-6970-5FBB1092CB00,4304577902
61516798-E983-2866-6170-765C1092CB00,4304523046
630D7EBF-B3A8-A721-7000-765C1092CB00,4304520293
63D7119A-B974-F763-4570-B5D71092CB00,4304471007
64AD386B-2C0A-AADE-4570-54AF1092CB00,4304632247
64BD01A1-E9C4-0FBB-BD70-34001092CB00,4304594786
64DAAB8D-C287-1129-4570-CBB11092CB00,4304556996
65B5C405-267E-5755-3970-AD861092CB00,4304574335
65D44BFF-3E4B-620C-7970-FED01092CB00,4304573615
66209FEB-1E0E-01EE-B970-13A21092CB00,4304564234
67D52AF9-0995-4D1A-8570-F6451092CB00,4304632334
67F15B6C-9D8B-4C54-ED70-D99B1092CB00,4304597118
699A30DF-1C63-6301-9570-59541092CB00,4304633548
6A17F557-138D-F6FF-E570-A1A91092CB00,4304614806
6A73346B-F15D-ED3C-6970-C9BB1092CB00,4304579966
6B298633-64B4-A414-E570-DD2F1092CB00,4304629365
6B5872D0-BD12-25F3-9D70-E0AF1092CB00,4304584763
6B6AD62A-E479-F48C-9570-B40E1092CB00,4304633919
6BD1720A-1FD8-44DD-4170-51F81092CB00,4304527015
6C0592EA-0773-2C9D-F570-75951092CB00,4304558831
6CEA1FAD-8F4C-BE0E-C570-57E91092CB00,4304635556
6DA683C2-09C9-71FD-5570-EF521092CB00,4304557950
6E942BFA-59A8-5063-9570-94641092CB00,4304635948
6EC22459-C263-56D9-1570-86191092CB00,4304633454
6EC30263-8628-9845-9170-CCFF1092CB00,4304613383
6EE0AC51-21E2-5AAC-2170-36521092CB00,4304613919
6EEB4142-F6A5-3F06-A570-B4E31092CB00,4304615415
6EF0A1EE-BE96-13E8-5170-A8331092CB00,4304610230
6F7712DB-344B-9E20-1170-CBB11092CB00,4304613237
7031783A-DF98-945E-B970-66701092CB00,4304636612
708D1024-AEA6-F674-BD70-92B51092CB00,4304594482
70A05188-8A65-B75F-0570-4C311092CB00,4304559177
70F1971C-B284-7174-B970-C7311092CB00,4304636371
7244E6F7-7B37-DA01-B970-765D1092CB00,4304565760
7298F318-3321-5641-0D70-68701092CB00,4304518372
72B168C0-2F6F-6A18-2970-F2F01092CB00,4304579923
72B3C043-326D-D591-9D70-CD711092CB00,4304584518
7317C201-E6A5-776F-AD70-4D731092CB00,4304586257
73477676-D155-5728-8570-C3741092CB00,4304557194
73B2525A-EF16-AD12-5970-74391092CB00,4304576726
74772047-CB5C-8AEC-E570-3AEB1092CB00,4304546428
74AD6C46-C00C-A5D9-2170-47B91092CB00,4304614203
75CF08F7-D79D-D5F8-3170-6A9C1092CB00,4304612116
766C8C42-B8EB-45F0-1570-171C1092CB00,4304540343
766CFB4B-18DE-3EB4-0170-1A2B1092CB00,4304520349
76720326-C01A-2693-CD70-5EF01092CB00,4304595535
76BB4DEA-F488-C9FF-4570-239F1092CB00,4304635325
76EBF69D-3CDF-C71F-7570-B1711092CB00,4304541965
7738CFC4-B344-B264-D570-900B1092CB00,4304626368
7768B0A2-C0AC-F5F7-9570-CA401092CB00,4304545963
77694C0E-90F7-1C87-9970-B3C11092CB00,4304637007
778DA3BA-C847-F3A8-A570-74001092CB00,4304628613
786C76FF-419C-814A-B570-73AE1092CB00,4304634986
7894F878-2614-3046-1D70-73061092CB00,4304581228
78BF09A3-F15E-AC75-8170-D1101092CB00,4304612989
792DF922-A5E8-5948-1D70-76E71092CB00,4304591950
796CDB61-59D2-EDD5-B170-4D681092CB00,4304614356
798231AC-D8DF-2192-0170-CB601092CB00,4304608881
79AF35C8-38B3-DEF7-E970-69D91092CB00,4304577347
79AF7866-CE94-DC9A-0570-544E1092CB00,4304559242
7A07F0F3-E707-A85D-2D70-1C5A1092CB00,4304586521
7A239C2D-6C41-ED95-9570-EB341092CB00,4304633259
7ACEBD92-089A-8509-1D70-7F781092CB00,4304580341
7ADE5A60-6D74-48B6-1170-C0B21092CB00,4304609862
7B3EFA24-D67A-8AE6-DD70-4D431092CB00,4304580965
7BA207A4-92A6-6786-A170-A7E01092CB00,4304520254
7BAA4511-F72D-D675-A970-1C241092CB00,4304638240
7CB4FBC8-CD07-5571-6570-CA401092CB00,4304558305
7D0F5CD4-3F37-408D-A970-E7421092CB00,4304570530
7D3D8199-0348-7156-1D70-BA4F1092CB00,4304518756
7D502790-42AE-7463-9970-ECAE1092CB00,4304559700
7DF58F78-41AF-FD8D-0970-355F1092CB00,4304636764
7DFD7412-EB9E-4782-6970-DA5A1092CB00,4304580176
7E223AC3-867C-47BE-3170-20191092CB00,4304606793
7E235B6B-F4A7-ED5E-0570-50FF1092CB00,4304558897
7E43040C-6C1B-CEFD-FD70-5E861092CB00,4304582183
7F22E1C4-3526-7A98-3170-4D681092CB00,4304607632
7F5EE73E-BC53-4525-6970-5CAA1092CB00,4304577744
7F79CAA2-7B5B-BE34-4970-1CC41092CB00,4304642041
7FEA6005-0B35-6CA5-3970-C1921092CB00,4304564759
8053EED9-FEC0-1773-1570-32B21092CB00,4304627997
8091C69F-FEB2-25BC-4570-9D1A1092CB00,4304551728
81D7FD9A-A736-6A98-0170-31301092CB00,4304519960
81F79007-465D-8B16-0570-2E7F1092CB00,4304550371
8265A17E-4305-3FBE-AD70-377C1092CB00,4304518984
830B1F99-11ED-9B77-B170-64EB1092CB00,4304520628
834E41DB-AE5C-9A87-E970-3E7C1092CB00,4304563870
839F2E9B-DD5F-0DEC-CD70-296B1092CB00,4304595696
83E1E1D8-3216-82A3-1D70-5E801092CB00,4304518677
84D422E5-7326-D418-E170-E7C81092CB00,4304539653
84DC1DB7-D726-7157-3170-4E5C1092CB00,4304614411
8559F877-1CB3-98B1-1700-DDAD1092CB00,4304613596
8579E39F-74F7-C9F4-8570-83CD1092CB00,4304559034
85E7B27A-3A1D-7FC4-ED70-38DA1092CB00,4304597081
86D47CA5-D283-8AB8-7170-1EF21092CB00,4304520659
86DF5435-116A-A6BB-DD70-46911092CB00,4304596624
87FB63D1-C539-2A46-DD70-95811092CB00,4304596663
8937E3E5-FC57-1BBE-1170-CA5A1092CB00,4304529735
8943C5E7-4775-45C9-B570-29DD1092CB00,4304634901
8A9E48B8-07CC-F379-E570-C0BF1092CB00,4304614702
8B684AE9-45B6-5CCF-8D70-5E861092CB00,4304591181
8BA4EBD5-8E92-EA3C-4970-96201092CB00,4304642596
8C50236E-5E18-AF1C-5570-83CD1092CB00,4304552219
8C72A8CF-00D6-B85B-4970-B0001092CB00,4304578816
8CB18B0A-3764-E0F1-0570-171C1092CB00,4304551699
8DD88868-CA48-9E5D-D170-19481092CB00,4304603736
8EBB5915-28DF-36B7-1170-C6F01092CB00,4304522399
8EEE16AF-644E-EC38-F970-74391092CB00,4304578420
8F40A955-0C74-D1FC-2970-1CA81092CB00,4304563753
8F878660-12CB-4B22-4970-40081092CB00,4304636725
8FAFC53F-D898-8CFE-A170-42691092CB00,4304539518
8FE78AB6-A7F9-3B3A-F970-13FE1092CB00,4304639889
906EEFE1-08A9-244F-3D70-5E801092CB00,4304511907
90D04148-CE63-21C7-6970-102A1092CB00,4304639032
90F38E7E-74E4-9924-7170-C9E71092CB00,4304533125
91425027-534D-4D3D-4970-4E101092CB00,4304559545
9161E293-A714-89EB-D970-87FB1092CB00,4304576021
9169C72C-8FE8-8DAA-B170-DDE41092CB00,4304525417
92B056F9-7A69-9DFC-E970-9AF41092CB00,4304560045
92C5EFE3-85BE-5A83-3570-276E1092CB00,4304542243
92ED244B-B4F1-9339-C570-4E0A1092CB00,4304635444
93BD2299-D277-229F-DD70-D99B1092CB00,4304580951
941C32AE-7A2E-8CE1-7170-3B8A1092CB00,4304524873
95567171-61E5-B499-5170-886F1092CB00,4304613676
9590A4A2-FFB3-149F-4570-2E7F1092CB00,4304550827
9594A209-6B7C-9D9F-7970-D0C31092CB00,4304639805
95E9E507-03DC-46E2-BD70-648A1092CB00,4304597287
964351D3-0DF2-8E99-7570-18281092CB00,4304469395
9683D9F2-0ADF-B1A1-7D70-4D5A1092CB00,4304594552
96BA688D-2B1B-3ACA-0570-38921092CB00,4304551961
971F3221-94C3-C058-C170-56731092CB00,4304608952
973A2BB9-5BDF-1780-E570-EB341092CB00,4304619812
9758C9E3-F30B-D923-2170-19481092CB00,4304599312
975A435D-A648-E2B8-C570-1A361092CB00,4304635415
9796FA7C-F6EF-3CEB-6570-1A361092CB00,4304615191
98057AFB-3404-2CF6-5700-AE4E1092CB00,4304634380
989FC8B6-20C7-7CC2-1D70-648A1092CB00,4304580450
98BC9496-27BD-3376-0170-EE381092CB00,4304527975
98CC8A35-B02A-96CB-E970-D65F1092CB00,4304577854
98CDAADE-DBC7-30AE-7570-F72C1092CB00,4304541496
98E67959-4F4D-E882-0170-19E81092CB00,4304598618
9962AE23-FC4B-3740-4170-10ED1092CB00,4304608498
99C7D089-8C4C-A532-8570-57C51092CB00,4304617093
99F84CD2-F266-61B0-6170-A8331092CB00,4304610949
9A51CFD6-94F8-C131-6170-10ED1092CB00,4304606083
9A5893C8-7B03-F161-4970-ECAE1092CB00,4304574579
9B785E2D-540E-A75E-9970-B5A11092CB00,4304579529
9B7EC94F-79B6-9DCD-A570-EDDA1092CB00,4304634012
9C1EBA56-D74E-F7A4-D170-20C51092CB00,4304536454
9C8529CC-81A4-3D7A-B570-C7451092CB00,4304623091
9CA6FD89-40A3-DCA6-B570-71C21092CB00,4304541130
9D2FDC2D-7607-8466-FD70-92B51092CB00,4304597662
9D597E52-1F98-6C82-1570-54AF1092CB00,4304633565
9DB2EB1D-4FB5-968B-3570-31701092CB00,4304556360
9DCB345E-70AA-CDA9-D170-8F921092CB00,4304613401
9E253C98-207F-B5E9-A170-B3E81092CB00,4304605138
9ED7A72E-3E0F-87EB-4970-E0281092CB00,4304567979
9F89601E-4C03-BA47-3570-A03E1092CB00,4304630754
9F8BE40B-3E11-105A-D170-A4C61092CB00,4304609650
A0A067DD-1502-5B2B-B970-314F1092CB00,4304578707
A2187E68-BB80-C075-1570-FCD41092CB00,4304544881
A22A19EA-0461-8C24-1570-D0F71092CB00,4304633141
A4202152-2219-C9CD-4170-45CD1092CB00,4304608368
A4A20F9C-388E-685F-8970-E7421092CB00,4304579225
A4E1B9AD-E689-CBAD-0170-746D1092CB00,4304538489
A646626D-9251-77E2-0170-6B481092CB00,4304535464
A68189DF-8626-187A-7170-10ED1092CB00,4304612084
A6C772AA-F45C-B94C-4170-5B861092CB00,4304520694
A6F46091-673A-6420-3970-B1381092CB00,4304573845
A70B5CC1-BE5B-A40B-6170-A7E01092CB00,4304530541
A735B087-54EA-F53E-CD70-D6861092CB00,4304582737
A7D05715-C597-70B6-1570-38921092CB00,4304557520
A982749B-4767-A48F-5700-A1A91092CB00,4304614993
AA19A2C7-5B69-37DD-0D70-19F51092CB00,4304590660
AB3E0604-85E0-E5DD-1570-21971092CB00,4304626419
AC1DF9EF-741D-CBCD-D170-31301092CB00,4304529426
AC2E8AFE-3DA7-4583-D570-CA401092CB00,4304545766
AC7248AA-9FAC-593F-9170-EE721092CB00,4304603353
ACD61E02-75EB-0FBB-D170-83DB1092CB00,4304521608
AD06B082-15A6-4674-C170-4B8C1092CB00,4304612552
AD575AA5-9ED6-042A-2170-EE381092CB00,4304524311
AE1CC400-7958-5F70-7570-71131092CB00,4304634887
AEF93FBC-B23B-749B-F970-7BF11092CB00,4304559362
AF31B6D8-4CC4-5090-FD70-49271092CB00,4304597585
AF9B45AD-E6BF-58EA-C970-EC621092CB00,4304559601
B00F6971-0FB2-33F3-2D70-8E0C1092CB00,4304593078
B29DBFE6-84BC-5AF1-0970-B75C1092CB00,4304640835
B2ADB585-F0C3-749E-C570-86191092CB00,4304615028
B2FA1FA4-9AA7-76B1-2570-F3631092CB00,4304621219
B35B0208-1646-531B-0970-102A1092CB00,4304636812
B363F115-FC66-5C2D-E170-9A5E1092CB00,4304523829
B36A2FD0-A7A8-0C79-9970-355F1092CB00,4304637450
B3A3F3FB-F1F4-0F2A-9970-82271092CB00,4304636224
B47A4734-4979-393D-5970-267B1092CB00,4304576563
B48D035E-B0B6-BB7B-6970-5A0F1092CB00,4304562503
B637AB1C-E2B4-77AF-9170-4BAC1092CB00,4304613301
B66AC18A-2706-96DB-AD70-38DA1092CB00,4304596973
B6F8D472-D8C3-8B7B-B170-92CF1092CB00,4304520575
B6FA9086-F403-40F9-1570-171C1092CB00,4304552817
B758EEFA-4B77-D90B-F570-ED1D1092CB00,4304615657
B76C5CC7-64DF-4385-B570-C0BF1092CB00,4304630913
B81EB128-A3B9-AAD3-5170-4D681092CB00,4304609810
B8B5C953-5854-3960-9D70-84601092CB00,4304584644
B985F41D-F64D-6E7F-5700-900B1092CB00,4304623418
B9969B48-099C-7F41-1170-DDE41092CB00,4304528852
B9C63989-456F-C68C-8D70-96B31092CB00,4304597794
B9CCA4AA-6B41-05A4-D970-B1C91092CB00,4304562172
B9DCF31A-B26B-A182-A170-36521092CB00,4304599943
BB04E4BA-1DE1-0858-A170-C6F01092CB00,4304539602
BB264971-38B6-6F14-A170-F3C51092CB00,4304523689
BB954F31-945F-8643-D700-4F8F1092CB00,4304594817
BC0F58D3-89E2-5735-7970-765D1092CB00,4304565996
BCBC78EE-CA4C-663A-5970-5FBB1092CB00,4304576814
BD678420-3045-0BF3-1D70-84601092CB00,4304580382
BDDCB25A-B349-23E0-C170-6A9C1092CB00,4304612804
BED6102E-3EC5-E1AB-B970-83DF1092CB00,4304565007
BEE61BFF-9BAC-2944-AD70-FE041092CB00,4304592916
BF177656-5FAF-7342-D970-DAE11092CB00,4304576253
BF1EBF81-F4B7-D703-6970-C9BB1092CB00,4304579943
BF818A65-B73A-F147-9570-D0F71092CB00,4304627796
BFC6261D-DE1E-3F54-7970-2F291092CB00,4304573733
C0029AA2-21E9-183B-3970-14ED1092CB00,4304578146
C047E7FD-C40B-DCA4-7170-5EAD1092CB00,4304537734
C05CCF46-8CA9-442D-5D70-35E31092CB00,4304591591
C17195B3-3F72-E8DE-F170-64EB1092CB00,4304533438
C1C41224-AB01-5B10-D170-4C4E1092CB00,4304529684
C1ED02A5-781A-E358-5D70-4F8F1092CB00,4304580971
C1FA31B9-809F-4F7C-5970-D65F1092CB00,4304577059
C2380982-D881-D7BA-8D70-95811092CB00,4304590496
C27C3637-C74C-E274-B170-82951092CB00,4304532444
C33F7475-E7BC-5194-ED70-539E1092CB00,4304587862
C3A43E09-AC38-EA0A-E570-544E1092CB00,4304540482
C470F098-6B6F-605D-9700-755C1092CB00,4304637569
C47D6E1D-4782-87F2-D700-D0DA1092CB00,4304519041
C4E980C4-2A1E-22FB-DD70-1C5A1092CB00,4304592459
C53CAED9-4471-0F22-AD70-35E31092CB00,4304593247
C55F60A0-6439-7701-8D70-648A1092CB00,4304590942
C59B39B3-B4F5-72FB-D570-8A401092CB00,4304557609
C61EE412-7BA5-4DA6-6570-B1711092CB00,4304547882
C64F605D-07D5-4F0D-C170-B3E81092CB00,4304609160
C7D0237C-45D9-BA5C-1700-E66D1092CB00,4304535530
C9A1A6B0-4DF5-8F16-1970-7BF11092CB00,4304576847
CA3FDBA1-5159-664C-AD70-73171092CB00,4304580603
CAC5C752-BC28-05BD-9570-FB6B1092CB00,4304633747
CAFA99D4-A842-75E2-8970-5CAA1092CB00,4304559588
CB9E2F73-AB94-ABCE-1170-4E5C1092CB00,4304603424
CBADE275-D7B9-111E-5570-B40E1092CB00,4304627213
CBC54DA8-B7E2-F7EB-9170-36521092CB00,4304603130
CC14ED5B-D7D3-A0AA-2170-CBB11092CB00,4304614202
CC59CBB3-7620-BAD4-9970-BAE41092CB00,4304643883
CD36A041-5710-9AF0-5570-3E111092CB00,4304553366
CD90D4E3-C4A8-35FF-DD70-FBE71092CB00,4304518851
CE2C4348-CE2D-13ED-2D70-84601092CB00,4304580558
CE44FB8F-2709-D9F2-5170-901C1092CB00,4304609617
CEDD7700-4D01-60DD-9170-A24E1092CB00,4304538998
CF1B225D-AE51-2955-0970-F4331092CB00,4304636136
CF76FCE5-442F-26E7-F170-4D681092CB00,4304611792
CFEAF442-29B0-B0DB-8570-C4D81092CB00,4304559188
D0297DAC-1372-9C5C-6D70-96B31092CB00,4304580563
D03731FA-9CF0-28A3-4170-6B481092CB00,4304534996
D07AC341-71FD-92B3-9170-4A381092CB00,4304520149
D0902FC0-88EF-8602-3170-27691092CB00,4304600536
D0C1F91C-6BF4-C860-0170-DDAD1092CB00,4304607677
D25E7D86-725C-127E-9970-C1921092CB00,4304579633
D29D8C2A-886B-1F08-E170-C1071092CB00,4304462711
D2DAB251-DAC2-A6FA-3D70-539E1092CB00,4304597570
D31B0E05-13C5-D92F-A970-C6551092CB00,4304579978
D3A0A0E4-7F80-9288-4170-86211092CB00,4304601983
D3AE6B66-5C73-CF4D-5170-5E951092CB00,4304530277
D3AFB879-571D-EF5B-D170-A24E1092CB00,4304539012
D42AA032-27F3-FD3F-4570-14981092CB00,4304551757
D48D123F-0FAB-3217-AD70-8C9C1092CB00,4304580630
D673D5AF-BA84-540D-5970-9AF41092CB00,4304577125
D718CE8F-FFE1-BCD5-7570-79501092CB00,4304623343
D73CA102-F6A8-B5BB-F170-6ED71092CB00,4304612363
D75C336D-BD43-5B2F-B970-F3A61092CB00,4304559322
D81E7D6D-B93E-988F-3170-83DB1092CB00,4304519724
D8B9BF67-984A-7DE4-D970-7DA31092CB00,4304576173
D8F910AB-75CF-CE5D-7970-166F1092CB00,4304640087
D95DC425-F057-49AC-1700-E32F1092CB00,4304519970
DAC653FB-91F9-725D-2D70-7F781092CB00,4304580655
DC613282-7035-A75D-5970-2EEE1092CB00,4304561214
DCB2357C-721F-D366-E970-EC621092CB00,4304571500
DCD2A5F4-E35F-1E84-FD70-41D81092CB00,4304595079
DCE0DF7B-5DF1-ACEF-7970-1CAB1092CB00,4304640521
DD274D82-006E-389D-0170-82951092CB00,4304535556
DDD0F56E-D15B-9359-0170-C6F01092CB00,4304526708
DE37EA1E-B618-2EAC-F170-6FBB1092CB00,4304606540
DE4F12B7-2745-24A5-0570-B4E31092CB00,4304635686
DFDA5470-89C6-B9A8-5170-B9DC1092CB00,4304529005
DFECFA6E-3A7B-FEA6-1700-A8331092CB00,4304611612
DFED7F9F-88B1-002D-6170-35611092CB00,4304523654
E02587B5-DE12-69E8-6170-A7E01092CB00,4304531256
E05AC940-D3D4-EE1B-1D70-35E31092CB00,4304592777
E1277BC6-DF85-D272-5170-6B481092CB00,4304529766
E1827842-4E8B-30B7-6170-92CF1092CB00,4304520277
E18C87F6-D2EE-83A0-A170-EE381092CB00,4304537009
E1A6E620-CFC8-8010-8970-67D01092CB00,4304579071
E20ABB77-6A3A-1B50-3570-73AE1092CB00,4304614984
E2227F7B-FC52-47D2-5170-19E81092CB00,4304602844
E23A59B4-FADF-1E99-1170-7AEF1092CB00,4304521404
E28B5CAD-A08D-3E44-7D70-CAD81092CB00,4304582166
E2AF4551-F8B1-B12C-5970-C1921092CB00,4304569267
E33E78E3-C88D-E97F-D170-9BA41092CB00,4304539044
E3E6D3BD-2FF1-C925-8570-75951092CB00,4304557257
E430084D-38F1-D7A8-F570-ED1D1092CB00,4304635087
E493F3D9-4A32-50AC-2D70-71C11092CB00,4304519216
E4E5A874-4EC6-3C23-0970-E0281092CB00,4304575234
E5526CD6-0FED-B2F8-F570-79501092CB00,4304630203
E56CF768-ECDB-B980-1970-A79E1092CB00,4304570208
E6F91760-A6AE-F091-D700-2A131092CB00,4304518467
E73B9E01-737C-4F1E-D170-10ED1092CB00,4304610367
E816F913-6A1A-D58D-9970-8D331092CB00,4304570261
E83D2309-D667-C22C-D170-8DE31092CB00,4304604049
E8A68577-E17E-2FE4-F570-73AE1092CB00,4304615586
E96F9368-4254-EDFC-D970-83DF1092CB00,4304568671
EA43E7ED-3FC6-0A40-2570-ED701092CB00,4304553908
EAACAEE8-6F27-1D18-DD70-5E861092CB00,4304591622
EAAE9767-7ECB-1946-2D70-2A971092CB00,4304518960
EB0BA8CC-5644-93A2-1970-2CCC1092CB00,4304559732
EC146102-9D02-396A-9700-A3D71092CB00,4304580014
EC3ACD60-A22A-9703-8570-B1801092CB00,4304557256
EC889AC8-62E9-8C18-5570-2E7F1092CB00,4304540398
ED51D523-7042-6912-0970-A3D71092CB00,4304568182
EDBBA691-62E8-135E-C170-C1541092CB00,4304598054
EE967C6E-5136-5B20-B570-EB341092CB00,4304635131
EF990BFB-8862-D892-1700-3B8A1092CB00,4304539527
F05B3FB7-83FB-D44C-4570-276E1092CB00,4304539994
F0A6F835-BEE9-CB29-6170-98B41092CB00,4304539373
F1BD0BB3-AC71-CCD2-6170-8E131092CB00,4304613781
F273E2B5-1F40-0BDB-7570-900B1092CB00,4304634966
F2909862-DB8E-A741-ED70-E5A71092CB00,4304519179
F2D0DDE4-DF49-C74B-C570-3E111092CB00,4304556850
F2E85F4B-FF3B-5B85-D170-CCFF1092CB00,4304598416
F33F8AC9-1AF0-F34A-7170-8FF31092CB00,4304614263
F3402635-867D-508F-C970-C6551092CB00,4304567403
F41A4A8B-FB93-CDFE-1700-D8201092CB00,4304599815
F42A5642-80B2-26D1-2D70-7CB51092CB00,4304593936
F47D2B83-A3E4-337D-0170-886F1092CB00,4304598841
F5037006-0C95-EF3F-B170-263F1092CB00,4304606216
F52250CE-BD85-32B5-7170-726E1092CB00,4304614314
F65AFFE2-28FF-3950-7570-1A361092CB00,4304630391
F7064DD9-FE94-651B-9700-1CC41092CB00,4304639165
F72716FB-8A8D-4355-A170-7AEF1092CB00,4304531515
F7431B05-0005-05B2-D970-C37A1092CB00,4304561576
F77A7179-B9F0-C544-2170-98B41092CB00,4304539399
F79B248C-59DB-3C8D-6D70-7F781092CB00,4304593304
F7AE65F0-0A5E-E6C3-1970-7DA31092CB00,4304570035
F7E364DE-E570-F702-7D70-F6871092CB00,4304581696
F82EC48C-7667-EECB-F970-4E101092CB00,4304565208
F878D728-B5EB-A0CC-0D70-5EF01092CB00,4304583056
F894C4FD-2BA7-67D4-1570-2E7F1092CB00,4304545896
F8ECE4B8-BCB3-7859-4570-CBBB1092CB00,4304624514
F8FEEF40-D5C9-1C54-4170-82951092CB00,4304535647
F96427DC-5350-5F82-A570-57E91092CB00,4304621583
F9B599D8-359D-4D7E-5970-A7C21092CB00,4304579684
F9FECE7F-B7CD-DEBA-9700-CC7E1092CB00,4304577962
F9FF9640-5A8F-A8B4-D970-1CC41092CB00,4304637347
FA551BD9-1CEE-57C3-5970-9AF41092CB00,4304579740
FACC48C5-5FE6-C938-5170-8E131092CB00,4304613421
FB44EF5D-74DD-60FB-1700-4A381092CB00,4304532930
FC90B33E-9841-B09C-9170-4B8C1092CB00,4304613550
FCC2D56A-4047-7AAB-FD70-CD711092CB00,4304580712
FD914409-D412-A1FD-8970-ECAE1092CB00,4304579030
FDEEAE3C-AE5C-D517-F970-BBD31092CB00,4304640022
FEB1D645-B039-45F4-5170-76D91092CB00,4304613367
FF1BBDEC-34C4-9F44-A970-9BF71092CB00,4304637803
FF64C614-3787-D34D-A570-32B21092CB00,4304630048
FFA7A5B8-9953-019B-9970-2CCC1092CB00,4304569869
FFBB1383-6994-0A45-C570-DD2F1092CB00,4304616981
